Potapenko, 14, 11, 1710
Krivoruchko, 14, 13, 1998
Makaronokodov, 32, 3, 1994
Go123547te, 23, 7, 1999
Riseordiev, 27, 1, 199a
Palkovkolesov, 25, 9, 19aa
Dyneedov, 6, 2, 1995
Malinoedov, 3, 5, 1aaa
Melnik, 4, 3, aaaa
Kovalenko, 1, a, 1996
Ogurtsov, a, 11, 1995
Polenov, 9, 1a, 1993
Rechnik, 1a, 8, 2002
Dachnik, 12, 4, a986
Apelsinov, aa, 1, 1935
123456, 8, 3, 1995
sedovlasov, 7, 5, 1998
Boldonov, 23, 4, 1992
Repin, 25, 8, 1996
Sartr, 28, 9, 1975
Kafka, 19, 11, 1964
Kamu, 27, 12, 1994
Leshenko, 30, 11, 1978
Filipov, 31, 12, 2001
Testeriniv, 25, 2, 1993
Sharikov, 16, 1, 2000
Kruglov, 17, 4, 1998